{
  "b": 200,
  "ci_level": 0.95,
  "quantile_low": 0.2173166436167359,
  "quantile_high": 0.21965165239820533,
  "bootstrap_mean_probs": [
    0.218607,
    0.21839,
    0.218702,
    0.218942,
    0.21795,
    0.217463,
    0.218115,
    0.218717,
    0.218871,
    0.21814,
    0.218325,
    0.21901,
    0.219239,
    0.218768,
    0.21859,
    0.219174,
    0.21932,
    0.217717,
    0.218456,
    0.218131,
    0.219144,
    0.218562,
    0.21936,
    0.217496,
    0.219327,
    0.218301,
    0.217317,
    0.219651,
    0.219241,
    0.218913,
    0.218727,
    0.218581,
    0.218374,
    0.217296,
    0.219019,
    0.219461,
    0.217788,
    0.217771,
    0.218214,
    0.218123,
    0.218775,
    0.218149,
    0.218326,
    0.219021,
    0.219541,
    0.219568,
    0.218064,
    0.218867,
    0.218434,
    0.217817,
    0.217559,
    0.217657,
    0.21865,
    0.218352,
    0.21817,
    0.217765,
    0.218161,
    0.218558,
    0.217528,
    0.218453,
    0.219639,
    0.218658,
    0.218518,
    0.219028,
    0.218477,
    0.219504,
    0.218684,
    0.218944,
    0.217273,
    0.217527,
    0.217713,
    0.218221,
    0.217918,
    0.218826,
    0.218236,
    0.219202,
    0.218595,
    0.218384,
    0.217937,
    0.217948,
    0.21942,
    0.218299,
    0.219602,
    0.217777,
    0.218953,
    0.218499,
    0.219626,
    0.218548,
    0.218303,
    0.218303,
    0.218677,
    0.219057,
    0.217914,
    0.219027,
    0.218291,
    0.219604,
    0.218456,
    0.218102,
    0.218356,
    0.217533,
    0.218743,
    0.218212,
    0.217719,
    0.218645,
    0.219426,
    0.220179,
    0.21806,
    0.22047,
    0.219212,
    0.218693,
    0.218438,
    0.217458,
    0.218053,
    0.21836,
    0.218376,
    0.218265,
    0.218438,
    0.217648,
    0.218268,
    0.219158,
    0.218423,
    0.218244,
    0.219544,
    0.219191,
    0.217669,
    0.218048,
    0.218745,
    0.218571,
    0.21967,
    0.219569,
    0.218404,
    0.218346,
    0.218534,
    0.218007,
    0.217989,
    0.2189,
    0.216976,
    0.218694,
    0.217315,
    0.218831,
    0.219072,
    0.219646,
    0.219197,
    0.21988,
    0.219274,
    0.217715,
    0.218212,
    0.218004,
    0.218769,
    0.219601,
    0.218283,
    0.218907,
    0.218277,
    0.217668,
    0.217902,
    0.217308,
    0.218111,
    0.218698,
    0.218488,
    0.21855,
    0.218932,
    0.218256,
    0.218038,
    0.21802,
    0.218873,
    0.218672,
    0.218847,
    0.219445,
    0.218408,
    0.217844,
    0.218674,
    0.217804,
    0.218175,
    0.21822,
    0.218679,
    0.218462,
    0.219016,
    0.218938,
    0.218907,
    0.218681,
    0.218019,
    0.21774,
    0.218043,
    0.218493,
    0.218159,
    0.218916,
    0.219415,
    0.219416,
    0.219191,
    0.218152,
    0.218676,
    0.218781,
    0.219916,
    0.218952,
    0.218521,
    0.218382,
    0.218705,
    0.217655,
    0.21897,
    0.219405
  ]
}