{
  "model_version": 2,
  "model_name": "random_forest",
  "composite_score": 0.9955178991948052,
  "metrics": {
    "accuracy": 0.995309068089112,
    "precision": 0.9980164530003758,
    "recall": 0.9804822514640875,
    "f1": 0.989171654879481,
    "auroc": 0.9997693371024987,
    "pr_auc": 0.9992073243702742,
    "fpr": 0.0005449138032402296,
    "fnr": 0.01951774853591245,
    "ece": 0.00016712932387675066,
    "brier_score": 0.003042488339792297,
    "per_family": {
      "benign": {
        "fpr": 0.0005449138032402296,
        "fnr": 0.0
      },
      "bot": {
        "fpr": 0.0,
        "fnr": 0.0
      },
      "brute_force": {
        "fpr": 0.0,
        "fnr": 0.0
      },
      "ddos": {
        "fpr": 0.0,
        "fnr": 0.0
      },
      "dos": {
        "fpr": 0.0,
        "fnr": 0.0
      },
      "heartbleed": {
        "fpr": 0.0,
        "fnr": 0.0
      },
      "infiltration": {
        "fpr": 0.0,
        "fnr": 0.0
      },
      "portscan": {
        "fpr": 0.0,
        "fnr": 0.0
      },
      "sqli": {
        "fpr": 0.0,
        "fnr": 0.39515455304928987
      },
      "unknown_attack": {
        "fpr": 0.0,
        "fnr": 0.0008733624454148472
      },
      "xss": {
        "fpr": 0.0,
        "fnr": 0.3953488372093023
      }
    }
  },
  "all_candidates": [
    {
      "name": "random_forest",
      "metrics": {
        "accuracy": 0.995309068089112,
        "precision": 0.9980164530003758,
        "recall": 0.9804822514640875,
        "f1": 0.989171654879481,
        "auroc": 0.9997693371024987,
        "pr_auc": 0.9992073243702742,
        "fpr": 0.0005449138032402296,
        "fnr": 0.01951774853591245,
        "ece": 0.00016712932387675066,
        "brier_score": 0.003042488339792297,
        "per_family": {
          "benign": {
            "fpr": 0.0005449138032402296,
            "fnr": 0.0
          },
          "bot": {
            "fpr": 0.0,
            "fnr": 0.0
          },
          "brute_force": {
            "fpr": 0.0,
            "fnr": 0.0
          },
          "ddos": {
            "fpr": 0.0,
            "fnr": 0.0
          },
          "dos": {
            "fpr": 0.0,
            "fnr": 0.0
          },
          "heartbleed": {
            "fpr": 0.0,
            "fnr": 0.0
          },
          "infiltration": {
            "fpr": 0.0,
            "fnr": 0.0
          },
          "portscan": {
            "fpr": 0.0,
            "fnr": 0.0
          },
          "sqli": {
            "fpr": 0.0,
            "fnr": 0.39515455304928987
          },
          "unknown_attack": {
            "fpr": 0.0,
            "fnr": 0.0008733624454148472
          },
          "xss": {
            "fpr": 0.0,
            "fnr": 0.3953488372093023
          }
        }
      },
      "composite_score": 0.9955178991948052
    },
    {
      "name": "lightgbm",
      "metrics": {
        "accuracy": 0.9951880407010624,
        "precision": 0.9986716592753745,
        "recall": 0.9792822637716536,
        "f1": 0.988881926787462,
        "auroc": 0.9998884437430129,
        "pr_auc": 0.9993954642344227,
        "fpr": 0.00036423185795531136,
        "fnr": 0.020717736228346377,
        "ece": 0.0001898695681734646,
        "brier_score": 0.003112533753948287,
        "per_family": {
          "benign": {
            "fpr": 0.00036423185795531136,
            "fnr": 0.0
          },
          "bot": {
            "fpr": 0.0,
            "fnr": 0.0
          },
          "brute_force": {
            "fpr": 0.0,
            "fnr": 0.0
          },
          "ddos": {
            "fpr": 0.0,
            "fnr": 0.0
          },
          "dos": {
            "fpr": 0.0,
            "fnr": 0.0
          },
          "heartbleed": {
            "fpr": 0.0,
            "fnr": 0.0
          },
          "infiltration": {
            "fpr": 0.0,
            "fnr": 0.0
          },
          "portscan": {
            "fpr": 0.0,
            "fnr": 0.0
          },
          "sqli": {
            "fpr": 0.0,
            "fnr": 0.43079922027290446
          },
          "unknown_attack": {
            "fpr": 0.0,
            "fnr": 0.001200873362445415
          },
          "xss": {
            "fpr": 0.0,
            "fnr": 0.38372093023255816
          }
        }
      },
      "composite_score": 0.9954370754073398
    },
    {
      "name": "xgboost",
      "metrics": {
        "accuracy": 0.9951028732798423,
        "precision": 0.998274888651904,
        "recall": 0.9792822637716536,
        "f1": 0.9886873728300206,
        "auroc": 0.9998847540746305,
        "pr_auc": 0.9993646219437428,
        "fpr": 0.00047321461860335725,
        "fnr": 0.020717736228346377,
        "ece": 0.00015640014676172835,
        "brier_score": 0.003195540527484708,
        "per_family": {
          "benign": {
            "fpr": 0.00047321461860335725,
            "fnr": 0.0
          },
          "bot": {
            "fpr": 0.0,
            "fnr": 0.0
          },
          "brute_force": {
            "fpr": 0.0,
            "fnr": 0.0
          },
          "ddos": {
            "fpr": 0.0,
            "fnr": 0.0
          },
          "dos": {
            "fpr": 0.0,
            "fnr": 0.0
          },
          "heartbleed": {
            "fpr": 0.0,
            "fnr": 0.0
          },
          "infiltration": {
            "fpr": 0.0,
            "fnr": 0.0
          },
          "portscan": {
            "fpr": 0.0,
            "fnr": 0.0
          },
          "sqli": {
            "fpr": 0.0,
            "fnr": 0.42606516290726815
          },
          "unknown_attack": {
            "fpr": 0.0,
            "fnr": 0.0013100436681222707
          },
          "xss": {
            "fpr": 0.0,
            "fnr": 0.39700996677740863
          }
        }
      },
      "composite_score": 0.9953576584410455
    },
    {
      "name": "logistic_regression",
      "metrics": {
        "accuracy": 0.9806087229369312,
        "precision": 0.9669823716769508,
        "recall": 0.9434775027948431,
        "f1": 0.9550853440757506,
        "auroc": 0.9852775988845254,
        "pr_auc": 0.953304765888324,
        "fpr": 0.009008285557776637,
        "fnr": 0.05652249720515687,
        "ece": 0.00018879614333321238,
        "brier_score": 0.0178212830240651,
        "per_family": {
          "benign": {
            "fpr": 0.009008285557776637,
            "fnr": 0.0
          },
          "bot": {
            "fpr": 0.0,
            "fnr": 0.5796610169491525
          },
          "brute_force": {
            "fpr": 0.0,
            "fnr": 0.0
          },
          "ddos": {
            "fpr": 0.0,
            "fnr": 0.0
          },
          "dos": {
            "fpr": 0.0,
            "fnr": 0.0
          },
          "heartbleed": {
            "fpr": 0.0,
            "fnr": 0.0
          },
          "infiltration": {
            "fpr": 0.0,
            "fnr": 0.0
          },
          "portscan": {
            "fpr": 0.0,
            "fnr": 0.0
          },
          "sqli": {
            "fpr": 0.0,
            "fnr": 0.3614592035644667
          },
          "unknown_attack": {
            "fpr": 0.0,
            "fnr": 0.38973799126637554
          },
          "xss": {
            "fpr": 0.0,
            "fnr": 0.3920265780730897
          }
        }
      },
      "composite_score": 0.9781321900084277
    }
  ],
  "training_config": {
    "bootstrap_b": 200,
    "ece_bins": 10,
    "random_state": 42,
    "composite_weights": {
      "f1": 0.4,
      "ece": 0.3,
      "auroc": 0.2,
      "fpr": 0.1
    },
    "calibration_method": "isotonic",
    "candidates_trained": [
      "random_forest",
      "lightgbm",
      "xgboost",
      "logistic_regression"
    ]
  },
  "dataset_sha256": "23331e2c8983f6e1cbc44864b875957cf7567847228129f1d6e434615b0f4811",
  "feature_schema_version": "1.0.0",
  "trained_at": "2026-04-05T16:06:48.128474+00:00",
  "bootstrap": {
    "b": 200,
    "ci_level": 0.95,