{
  "b": 200,
  "ci_level": 0.95,
  "quantile_low": 0.21732420078351058,
  "quantile_high": 0.2196510944489486,
  "bootstrap_mean_probs": [
    0.218617,
    0.218383,
    0.21869,
    0.218939,
    0.217956,
    0.217477,
    0.218128,
    0.218707,
    0.218874,
    0.218133,
    0.218319,
    0.218996,
    0.219241,
    0.218764,
    0.218589,
    0.219191,
    0.219322,
    0.217712,
    0.218439,
    0.218143,
    0.219125,
    0.218565,
    0.219352,
    0.217486,
    0.219318,
    0.218293,
    0.217313,
    0.219637,
    0.219248,
    0.218915,
    0.218731,
    0.218588,
    0.218354,
    0.217301,
    0.219017,
    0.219461,
    0.217784,
    0.217762,
    0.218218,
    0.218121,
    0.218777,
    0.218151,
    0.218338,
    0.219018,
    0.219535,
    0.219573,
    0.218055,
    0.218881,
    0.218459,
    0.21782,
    0.217551,
    0.217653,
    0.218653,
    0.218352,
    0.218178,
    0.21776,
    0.218156,
    0.218559,
    0.21753,
    0.218443,
    0.219651,
    0.218671,
    0.218528,
    0.219046,
    0.218478,
    0.219507,
    0.218688,
    0.218936,
    0.217251,
    0.217531,
    0.217723,
    0.218214,
    0.217928,
    0.218818,
    0.218233,
    0.219205,
    0.218596,
    0.218384,
    0.217939,
    0.217949,
    0.219414,
    0.218301,
    0.219585,
    0.217774,
    0.218955,
    0.218487,
    0.219625,
    0.218555,
    0.218306,
    0.218287,
    0.218686,
    0.219045,
    0.217915,
    0.219029,
    0.218306,
    0.219603,
    0.218469,
    0.218098,
    0.218371,
    0.217526,
    0.218741,
    0.218215,
    0.217725,
    0.218635,
    0.21943,
    0.220171,
    0.218047,
    0.220465,
    0.219217,
    0.218696,
    0.218433,
    0.217458,
    0.218043,
    0.218355,
    0.218392,
    0.218252,
    0.218447,
    0.217652,
    0.218258,
    0.219151,
    0.218425,
    0.218247,
    0.219539,
    0.219187,
    0.217657,
    0.218062,
    0.218735,
    0.218582,
    0.219669,
    0.219562,
    0.218406,
    0.218351,
    0.21855,
    0.218009,
    0.217997,
    0.218898,
    0.216996,
    0.218698,
    0.217324,
    0.218828,
    0.219079,
    0.219644,
    0.219196,
    0.219903,
    0.219285,
    0.217712,
    0.218224,
    0.218009,
    0.218769,
    0.219608,
    0.21827,
    0.218909,
    0.218288,
    0.217677,
    0.217907,
    0.217308,
    0.218099,
    0.218706,
    0.218492,
    0.218569,
    0.218934,
    0.218252,
    0.218045,
    0.218016,
    0.218888,
    0.218663,
    0.218842,
    0.219448,
    0.218401,
    0.217848,
    0.218678,
    0.217789,
    0.218175,
    0.218212,
    0.218679,
    0.218467,
    0.219025,
    0.218936,
    0.218906,
    0.218686,
    0.218015,
    0.217767,
    0.218032,
    0.218471,
    0.218127,
    0.218919,
    0.219412,
    0.219403,
    0.219189,
    0.218149,
    0.218671,
    0.218777,
    0.219919,
    0.218973,
    0.218508,
    0.21837,
    0.218688,
    0.217655,
    0.21898,
    0.219412
  ]
}