{
  "model_version": 3,
  "model_name": "random_forest",
  "composite_score": 0.9954682062333009,
  "metrics": {
    "accuracy": 0.9952261419158187,
    "precision": 0.9987031866051727,
    "recall": 0.9794258520425432,
    "f1": 0.9889705882352942,
    "auroc": 0.9997708308422527,
    "pr_auc": 0.9991505885333184,
    "fpr": 0.00035562795579888667,
    "fnr": 0.020574147957456847,
    "ece": 0.00012877477895777557,
    "brier_score": 0.0030875099379173506,
    "per_family": {
      "benign": {
        "fpr": 0.00035562795579888667,
        "fnr": 0.0
      },
      "bot": {
        "fpr": 0.0,
        "fnr": 0.0
      },
      "brute_force": {
        "fpr": 0.0,
        "fnr": 0.0
      },
      "ddos": {
        "fpr": 0.0,
        "fnr": 0.0
      },
      "dos": {
        "fpr": 0.0,
        "fnr": 0.0
      },
      "heartbleed": {
        "fpr": 0.0,
        "fnr": 0.0
      },
      "infiltration": {
        "fpr": 0.0,
        "fnr": 0.0
      },
      "portscan": {
        "fpr": 0.0,
        "fnr": 0.0
      },
      "sqli": {
        "fpr": 0.0,
        "fnr": 0.4146477304372041
      },
      "unknown_attack": {
        "fpr": 0.0,
        "fnr": 0.0008733624454148472
      },
      "xss": {
        "fpr": 0.0,
        "fnr": 0.4227574750830565
      }
    }
  },
  "all_candidates": [
    {
      "name": "random_forest",
      "metrics": {
        "accuracy": 0.9952261419158187,
        "precision": 0.9987031866051727,
        "recall": 0.9794258520425432,
        "f1": 0.9889705882352942,
        "auroc": 0.9997708308422527,
        "pr_auc": 0.9991505885333184,
        "fpr": 0.00035562795579888667,
        "fnr": 0.020574147957456847,
        "ece": 0.00012877477895777557,
        "brier_score": 0.0030875099379173506,
        "per_family": {
          "benign": {
            "fpr": 0.00035562795579888667,
            "fnr": 0.0
          },
          "bot": {
            "fpr": 0.0,
            "fnr": 0.0
          },
          "brute_force": {
            "fpr": 0.0,
            "fnr": 0.0
          },
          "ddos": {
            "fpr": 0.0,
            "fnr": 0.0
          },
          "dos": {
            "fpr": 0.0,
            "fnr": 0.0
          },
          "heartbleed": {
            "fpr": 0.0,
            "fnr": 0.0
          },
          "infiltration": {
            "fpr": 0.0,
            "fnr": 0.0
          },
          "portscan": {
            "fpr": 0.0,
            "fnr": 0.0
          },
          "sqli": {
            "fpr": 0.0,
            "fnr": 0.4146477304372041
          },
          "unknown_attack": {
            "fpr": 0.0,
            "fnr": 0.0008733624454148472
          },
          "xss": {
            "fpr": 0.0,
            "fnr": 0.4227574750830565
          }
        }
      },
      "composite_score": 0.9954682062333009
    },
    {
      "name": "lightgbm",
      "metrics": {
        "accuracy": 0.9951723519655744,
        "precision": 0.9987550347857928,
        "recall": 0.9791284191957006,
        "f1": 0.9888443491501197,
        "auroc": 0.999889371484178,
        "pr_auc": 0.9993981047342414,
        "fpr": 0.0003412881188715122,
        "fnr": 0.020871580804299444,
        "ece": 0.00015304728136774425,
        "brier_score": 0.0031007460344089793,
        "per_family": {
          "benign": {
            "fpr": 0.0003412881188715122,
            "fnr": 0.0
          },
          "bot": {
            "fpr": 0.0,
            "fnr": 0.0
          },
          "brute_force": {
            "fpr": 0.0,
            "fnr": 0.0
          },
          "ddos": {
            "fpr": 0.0,
            "fnr": 0.0
          },
          "dos": {
            "fpr": 0.0,
            "fnr": 0.0
          },
          "heartbleed": {
            "fpr": 0.0,
            "fnr": 0.0
          },
          "infiltration": {
            "fpr": 0.0,
            "fnr": 0.0
          },
          "portscan": {
            "fpr": 0.0,
            "fnr": 0.0
          },
          "sqli": {
            "fpr": 0.0,
            "fnr": 0.4324700640490114
          },
          "unknown_attack": {
            "fpr": 0.0,
            "fnr": 0.0013100436681222707
          },
          "xss": {
            "fpr": 0.0,
            "fnr": 0.3903654485049834
          }
        }
      },
      "composite_score": 0.995435570960586
    },
    {
      "name": "xgboost",
      "metrics": {
        "accuracy": 0.9950782195526469,
        "precision": 0.9986709781391601,
        "recall": 0.9787797048235403,
        "f1": 0.98862529783487,
        "auroc": 0.9998901483129763,
        "pr_auc": 0.9994056128793822,
        "fpr": 0.00036423185795531136,
        "fnr": 0.02122029517645973,
        "ece": 0.00015198020927160362,
        "brier_score": 0.003171762507991418,
        "per_family": {
          "benign": {
            "fpr": 0.00036423185795531136,
            "fnr": 0.0
          },
          "bot": {
            "fpr": 0.0,
            "fnr": 0.0
          },
          "brute_force": {
            "fpr": 0.0,
            "fnr": 0.0
          },
          "ddos": {
            "fpr": 0.0,
            "fnr": 0.0
          },
          "dos": {
            "fpr": 0.0,
            "fnr": 0.0
          },
          "heartbleed": {
            "fpr": 0.0,
            "fnr": 0.0
          },
          "infiltration": {
            "fpr": 0.0,
            "fnr": 0.0
          },
          "portscan": {
            "fpr": 0.0,
            "fnr": 0.0
          },
          "sqli": {
            "fpr": 0.0,
            "fnr": 0.4352548036758563
          },
          "unknown_attack": {
            "fpr": 0.0,
            "fnr": 0.0015283842794759825
          },
          "xss": {
            "fpr": 0.0,
            "fnr": 0.40863787375415284
          }
        }
      },
      "composite_score": 0.9953461315479661
    },
    {
      "name": "logistic_regression",
      "metrics": {
        "accuracy": 0.9846922766596441,
        "precision": 0.9719154340200069,
        "recall": 0.9576209474774617,
        "f1": 0.9647152421887916,
        "auroc": 0.9917904671850244,
        "pr_auc": 0.963782404817299,
        "fpr": 0.007737776006011259,
        "fnr": 0.04237905252253823,
        "ece": 0.0001582909397114732,
        "brier_score": 0.014335202345878638,
        "per_family": {
          "benign": {
            "fpr": 0.007737776006011259,
            "fnr": 0.0
          },
          "bot": {
            "fpr": 0.0,
            "fnr": 0.5796610169491525
          },
          "brute_force": {
            "fpr": 0.0,
            "fnr": 0.0
          },
          "ddos": {
            "fpr": 0.0,
            "fnr": 0.0
          },
          "dos": {
            "fpr": 0.0,
            "fnr": 0.0
          },
          "heartbleed": {
            "fpr": 0.0,
            "fnr": 0.0
          },
          "infiltration": {
            "fpr": 0.0,
            "fnr": 0.0
          },
          "portscan": {
            "fpr": 0.0,
            "fnr": 0.0
          },
          "sqli": {
            "fpr": 0.0,
            "fnr": 0.392369813422445
          },
          "unknown_attack": {
            "fpr": 0.0,
            "fnr": 0.2262008733624454
          },
          "xss": {
            "fpr": 0.0,
            "fnr": 0.39867109634551495
          }
        }
      },
      "composite_score": 0.9834229254300071
    }
  ],
  "training_config": {
    "bootstrap_b": 200,
    "ece_bins": 10,
    "random_state": 42,
    "composite_weights": {
      "f1": 0.4,
      "ece": 0.3,
      "auroc": 0.2,
      "fpr": 0.1
    },
    "calibration_method": "isotonic",
    "candidates_trained": [
      "random_forest",
      "lightgbm",
      "xgboost",
      "logistic_regression"
    ]
  },
  "dataset_sha256": "23331e2c8983f6e1cbc44864b875957cf7567847228129f1d6e434615b0f4811",
  "feature_schema_version": "1.0.0",
  "trained_at": "2026-04-05T16:38:44.184978+00:00",
  "bootstrap": {
    "b": 200,
    "ci_level": 0.95,