{
  "b": 200,
  "ci_level": 0.95,
  "quantile_low": 0.21742170743132241,
  "quantile_high": 0.21963449646890598,
  "bootstrap_mean_probs": [
    0.218601,
    0.218486,
    0.218641,
    0.218928,
    0.217978,
    0.217505,
    0.218166,
    0.218701,
    0.218838,
    0.218123,
    0.218446,
    0.219103,
    0.219154,
    0.218858,
    0.218598,
    0.219145,
    0.219376,
    0.217765,
    0.218468,
    0.218,
    0.219141,
    0.218551,
    0.219331,
    0.21765,
    0.219468,
    0.218392,
    0.217424,
    0.219537,
    0.21936,
    0.219004,
    0.218811,
    0.21854,
    0.218282,
    0.217408,
    0.218993,
    0.219506,
    0.217872,
    0.217762,
    0.218036,
    0.218173,
    0.218746,
    0.218325,
    0.218397,
    0.21902,
    0.219419,
    0.219569,
    0.218224,
    0.218883,
    0.218289,
    0.217982,
    0.217458,
    0.217778,
    0.218614,
    0.218309,
    0.218094,
    0.217648,
    0.218096,
    0.218619,
    0.217612,
    0.218433,
    0.219634,
    0.218809,
    0.218603,
    0.218993,
    0.218603,
    0.219504,
    0.218724,
    0.218952,
    0.21744,
    0.217516,
    0.217805,
    0.217998,
    0.217785,
    0.218811,
    0.218305,
    0.219127,
    0.218583,
    0.218341,
    0.217908,
    0.217944,
    0.219481,
    0.218244,
    0.219661,
    0.217832,
    0.218937,
    0.218424,
    0.219576,
    0.218345,
    0.218298,
    0.218273,
    0.218672,
    0.21917,
    0.217944,
    0.218995,
    0.21841,
    0.2196,
    0.218401,
    0.218069,
    0.218547,
    0.217422,
    0.21865,
    0.218155,
    0.217662,
    0.218558,
    0.219528,
    0.220273,
    0.218092,
    0.220468,
    0.21936,
    0.218717,
    0.218531,
    0.217422,
    0.217904,
    0.218325,
    0.218598,
    0.218354,
    0.218495,
    0.217525,
    0.218307,
    0.219168,
    0.218323,
    0.218181,
    0.219578,
    0.219197,
    0.217722,
    0.21813,
    0.218753,
    0.218522,
    0.219623,
    0.21962,
    0.218354,
    0.21822,
    0.218446,
    0.217998,
    0.218,
    0.219006,
    0.21694,
    0.21878,
    0.217184,
    0.218881,
    0.219091,
    0.219614,
    0.219121,
    0.219983,
    0.219403,
    0.217727,
    0.218224,
    0.217928,
    0.218881,
    0.219546,
    0.21841,
    0.218796,
    0.218235,
    0.217662,
    0.21778,
    0.217211,
    0.218157,
    0.218722,
    0.218428,
    0.218542,
    0.218995,
    0.218181,
    0.217962,
    0.218038,
    0.218784,
    0.218598,
    0.218955,
    0.219374,
    0.218419,
    0.217679,
    0.218632,
    0.217892,
    0.21822,
    0.218123,
    0.218628,
    0.218403,
    0.218944,
    0.218861,
    0.218852,
    0.218677,
    0.217888,
    0.217655,
    0.217978,
    0.218475,
    0.218231,
    0.218856,
    0.219271,
    0.219468,
    0.219262,
    0.218264,
    0.21865,
    0.218677,
    0.219974,
    0.21895,
    0.218515,
    0.218289,
    0.218722,
    0.217547,
    0.219013,
    0.219477
  ]
}